,year,keywords,title,author
0,2019,"0850 Geoscience education research, EDUCATION, 9820 Techniques applicable in three or more fields, GENERAL OR MISCELLANEOUS, 1992 Virtual globes, INFORMATICS, 1994 Visualization and portrayal, INFORMATICS",{Applications of Mixed and Virtual Reality Techniques in Engineering Geology},"{Onsel}, E. and {Chang}, O. and {Mysiorek}, J. and {Donati}, D. and {Zhao}, K. and {Stead}, D. and {Barnett}, W.~P. and {Zorzi}, L. and {Shaban}, A. and {Kang}, H. and {Gao}, F."
1,2022,,{AntARctica: An Immersive 3D Look into Antarctica's Ice Using Augmented Reality and Virtual Reality},"{Boghosian}, Alexandra and {Cordero}, S. Isabel and {Tinto}, Kirsty J. and {Feiner}, Steven and {Yang}, Benjamin and {Bell}, Robin Elizabeth and {Guo}, Shengye"
2,2020,"9820 Techniques applicable in three or more fields, GENERAL OR MISCELLANEOUS, 1980 Spatial analysis and representation, INFORMATICS, 1994 Visualization and portrayal, INFORMATICS, 6344 System operation and management, POLICY SCIENCES \& PUBLIC ISSUES","{JMARS Augmented and Virtual Reality Experiences for Planetary Research, Education, and Collaboration}","{Gold}, L. and {Bartolomea}, H. and {Xiong}, S. and {Gonzalez}, A. and {Powell}, K. and {Dickenshied}, S. and {Anwar}, S. and {LiKamWa}, R."
3,2017,"1916 Data and information discovery, INFORMATICS, 1920 Emerging informatics technologies, INFORMATICS, 1992 Virtual globes, INFORMATICS, 1994 Visualization and portrayal, INFORMATICS",{Immersive Earth Science: Data Visualization in Virtual Reality},"{Skolnik}, S. and {Ramirez-Linan}, R."
4,2023,,{Immersive Hydrodynamic Model for Flood Simulation with Virtual Reality Simulation Environment},"{Hwang}, Sooncheol and {Son}, Sangyoung"
5,2019,"0805 Elementary and secondary education, EDUCATION, 0810 Post-secondary education, EDUCATION, 0815 Informal education, EDUCATION, 0850 Geoscience education research, EDUCATION",{Developing An Immersive Virtual Reality Environment to Observe the Sun in Different Wavelength},"{Luo}, T. and {Huang}, L. and {Leng}, W."
6,2018,"1920 Emerging informatics technologies, INFORMATICSDE: 1926 Geospatial, INFORMATICSDE: 1992 Virtual globes, INFORMATICSDE: 1994 Visualization and portrayal, INFORMATICS",{Immersive and Collaborative Data Visualization and Analytics Using Virtual Reality},"{Djorgovski}, S.~G. and {Donalek}, C. and {Lombeyda}, S. and {Davidoff}, S. and {Amori}, M."
7,2018,"1920 Emerging informatics technologies, INFORMATICSDE: 1926 Geospatial, INFORMATICSDE: 1992 Virtual globes, INFORMATICSDE: 1994 Visualization and portrayal, INFORMATICS",{Exploring Weather Satellites with Virtual Reality and WebGL},"{Suplinski}, C. and {Robaidek}, J.~O. and {Mooney}, M.~E. and {Kohrs}, R.~A."
8,2024,,{Earth Mission Control: A Virtual Reality Platform for Climate Intelligence and Communication},"{Connolly}, Rachel and {Rathnasabapathy}, Minoo and {Cherner}, Phillip and {Palmer}, Jaden and {Newman}, Dava"
9,2021,,{Towards the development of 3D lunar surface depth-data collection for geology in virtual reality.},"{Paige}, Cody and {Ward}, Ferrous and {Haddad}, Don Derek and {Forsey-Smerek}, Alexandra and {Sanneman}, Lindsay and {Todd}, Jessica and {Colaprete}, Anthony and {Lim}, Darlene and {Heldmann}, Jennifer and {Newman}, Dava"
10,2019,"0850 Geoscience education research, EDUCATION, 9820 Techniques applicable in three or more fields, GENERAL OR MISCELLANEOUS, 1992 Virtual globes, INFORMATICS, 1994 Visualization and portrayal, INFORMATICS",{Virtual Reality for Disaster Resilience (VR4DR)},"{McAdoo}, B.~G. and {White}, T. and {Chen}, Y. and {Scollay}, A."
11,2018,"1920 Emerging informatics technologies, INFORMATICSDE: 1926 Geospatial, INFORMATICSDE: 1992 Virtual globes, INFORMATICSDE: 1994 Visualization and portrayal, INFORMATICS",{Leveraging Virtual Reality as a Tool for Earth Science},"{Roberts}, J.~T."
12,2023,,{NOAA Urban Heat Island Virtual Reality Experience},"{de Ameller}, Rafael and {Hurtado}, Juan Pablo and {Hackathorn}, Eric J."
13,2017,"1916 Data and information discovery, INFORMATICS, 1920 Emerging informatics technologies, INFORMATICS, 1992 Virtual globes, INFORMATICS, 1994 Visualization and portrayal, INFORMATICS",{Meteorological Data Visualization in Multi-User Virtual Reality},"{Appleton}, R. and {van Maanen}, P.~P. and {Fisher}, W.~I. and {Krijnen}, R."
14,2021,,{Visualizing the Solar Corona in Virtual Reality},"{Wolff}, Milana and {Dima}, Gabriel and {Rempel}, Matthias and {Lacatus}, Daniela and {Paraschiv}, Alin and {Lecinski}, Alice and {Malanushenko}, Anna"
15,2018,"0805 Elementary and secondary education, EDUCATIONDE: 0815 Informal education, EDUCATIONDE: 0845 Instructional tools, EDUCATIONDE: 0850 Geoscience education research, EDUCATION",{Exploring Earth's Magnetosphere in Virtual Reality},"{Stephenson}, B.~E. and {Boyer}, K. and {Martin}, S.~C. and {Buzulukova}, N. and {Savani}, N. and {Olano}, M."
16,2023,,{Application of Virtual Reality Visualization in Integrated Groundwater Modeling},"{Kourakos}, Georgios and {Harter}, Thomas"
17,2020,"0805 Elementary and secondary education, EDUCATION, 0810 Post-secondary education, EDUCATION, 0815 Informal education, EDUCATION, 0845 Instructional tools, EDUCATION",{A framework to support the classification of virtual reality experiences in environmental education},"{Hagge}, K.~S. and {Gleasman}, G. and {Wu}, R. and {Boyer}, D.~M. and {Lazar}, K. and {Moysey}, S.~M."
18,2020,"0406 Astrobiology and extraterrestrial materials, BIOGEOSCIENCES, 6225 Mars, PLANETARY SCIENCES: SOLAR SYSTEM OBJECTS, 6297 Instruments and techniques, PLANETARY SCIENCES: SOLAR SYSTEM OBJECTS, 5430 Interiors, PLANETARY SCIENCES: SOLID SURFACE PLANETS",{Folding LiDAR and Scientific Data into Virtual Reality: Creating a Planetary Cave Exploration Utility for Future Missions to Mars},"{Patterson}, C. and {Ortiz}, D. and {Hall}, E.~M. and {Stoutamore}, J. and {Blank}, J.~G."
19,2023,,{EMC: A Virtual Reality Platform for Bridging the Climate Science Communication Gap},"{Cherner}, Phillip and {Newman}, Dava and {Connolly}, Rachel"
20,2019,"0805 Elementary and secondary education, EDUCATION, 0810 Post-secondary education, EDUCATION, 0815 Informal education, EDUCATION, 0850 Geoscience education research, EDUCATION",{Disk Detective: Combining Citizen Science and Virtual Reality},"{Kuchner}, M.~J. and {Higashio}, S. and {Brandt}, M.~A. and {Silverberg}, S.~M."
21,2021,,{A New Approach to Data Visualization Using Virtual Reality to Improve Mission Planning Workflows},"{Gold}, Lauren and {LiKamWa}, Robert and {Powell}, Kathryn and {Roberts}, Joe"
22,2019,"4313 Extreme events, NATURAL HAZARDS, 4332 Disaster resilience, NATURAL HAZARDS, 4337 Remote sensing and disasters, NATURAL HAZARDS, 4342 Emergency management, NATURAL HAZARDS",{Awash in Data: Virtual Flooding with Virtual Reality Technology},"{Skolnik}, S. and {Silcott}, A."
23,2017,"1916 Data and information discovery, INFORMATICS, 1920 Emerging informatics technologies, INFORMATICS, 1992 Virtual globes, INFORMATICS, 1994 Visualization and portrayal, INFORMATICS",{Generating Contextual Descriptions of Virtual Reality (VR) Spaces},"{Olson}, D.~M. and {Zaman}, C.~H. and {Sutherland}, A."
24,2011,"0530 COMPUTATIONAL GEOPHYSICS / Data presentation and visualization, 1219 GEODESY AND GRAVITY / Gravity anomalies and Earth structure, 1517 GEOMAGNETISM AND PALEOMAGNETISM / Magnetic anomalies: modeling and interpretation, 5420 PLANETARY SCIENCES: SOLID SURFACE PLANETS / Impact phenomena, cratering",{Visualization and Interpretation in 3D Virtual Reality of Topographic and Geophysical Data from the Chicxulub Impact Crater},"{Rosen}, J. and {Kinsland}, G.~L. and {Borst}, C."
25,2020,"1920 Emerging informatics technologies, INFORMATICS",{Environmental Virtual Reality: An Exploration Of First Time User Experiences},"{Raja}, U."
26,2004,"3210 Modeling, 1823 Frozen ground, 1600 GLOBAL CHANGE (New category)",{Virtual Reality Visualization of Permafrost Dynamics Along a Transect Through Northern Alaska},"{Chappell}, G.~G. and {Brody}, B. and {Webb}, P. and {Chord}, J. and {Romanovsky}, V. and {Tipenko}, G."
27,2017,"0805 Elementary and secondary education, EDUCATION, 0815 Informal education, EDUCATION, 0820 Curriculum and laboratory design, EDUCATION, 0850 Geoscience education research, EDUCATION",{IceCube Polar Virtual Reality exhibit: immersive learning for learners of all ages},"{Madsen}, J. and {Bravo Gallart}, S. and {Chase}, A. and {Dougherty}, P. and {Gagnon}, D. and {Pronto}, K. and {Rush}, M. and {Tredinnick}, R."
28,2022,,{Expedition VRctica: Story-based Virtual Reality Experiences to Engage New Audiences in Polar Science},"{Madsen}, Jim Dog and {Gagnon}, David and {Pronto}, Kevin and {Roman}, Diego and {Tangen}, Travis and {Tredinnick}, Ross and {Verbeke}, Monae"
29,2019,"0805 Elementary and secondary education, EDUCATION, 0810 Post-secondary education, EDUCATION, 0815 Informal education, EDUCATION, 0850 Geoscience education research, EDUCATION",{Virtual Reality Exploration of Earth's Cryosphere},"{Harris}, K. and {Cervenec}, J.~M. and {Theodotou}, P.~I."
30,2020,"6015 Dust, PLANETARY SCIENCES: COMETS AND SMALL BODIES, 6020 Ices, PLANETARY SCIENCES: COMETS AND SMALL BODIES, 6040 Origin and evolution, PLANETARY SCIENCES: COMETS AND SMALL BODIES, 6099 General or miscellaneous, PLANETARY SCIENCES: COMETS AND SMALL BODIES",{Using Virtual Reality for Science Missions At The Lunar South Pole},"{Grubb}, T. and {Garry}, W.~B. and {Baker}, D.~Z. and {Hosler}, J. and {Brandt}, M.~A. and {Ames}, T."
31,2019,"0805 Elementary and secondary education, EDUCATION, 0810 Post-secondary education, EDUCATION, 0815 Informal education, EDUCATION, 0850 Geoscience education research, EDUCATION",{Using Virtual Reality to Teach Water Cycling in California's Mediterranean Climate},"{Kassis}, S. and {Glas}, R. and {Luna}, G. and {Miller}, A. and {Spicher}, K. and {Vella}, K. and {Luke}, C."
32,2017,"0805 Elementary and secondary education, EDUCATION, 0815 Informal education, EDUCATION, 0825 Teaching methods, EDUCATION, 0845 Instructional tools, EDUCATION",{Using Virtual Reality to Bring Ocean Science Field Experiences to the Classroom and Beyond},"{Waite}, A.~J. and {Rosenberg}, A. and {Frehm}, V. and {Gravinese}, P. and {Jackson}, J. and {Killingsworth}, S. and {Williams}, C."
33,2019,"0850 Geoscience education research, EDUCATION, 9820 Techniques applicable in three or more fields, GENERAL OR MISCELLANEOUS, 6620 Science policy, POLICY SCIENCES \& PUBLIC ISSUES, 6699 General or miscellaneous, PUBLIC ISSUES",{An Underwater Snapshot: The Reality Behind Virtual Reality},"{Brady}, H."
34,2019,"0810 Post-secondary education, EDUCATION, 0820 Curriculum and laboratory design, EDUCATION, 7899 General or miscellaneous, SPACE PLASMA PHYSICS, 7999 General or miscellaneous, SPACE WEATHER",{Learning by Immersion: Developing Virtual Reality Labs for Electricity and Magnetism Courses},"{Ilie}, R. and {Shaffer}, E. and {D'Angelo}, C.~M."
35,2019,"0805 Elementary and secondary education, EDUCATION, 0810 Post-secondary education, EDUCATION, 0815 Informal education, EDUCATION, 0850 Geoscience education research, EDUCATION","{An Immersive Virtual Reality Learning Game to Explore the Lehigh River Watershed, PA}","{Anastasio}, D.~J. and {Bodzin}, A. and {Junior}, R.~M.~D.~A. and {Hammond}, T."
36,2024,,{Advancements in Volumetric Atmospheric Data Exploration Using Virtual Reality: A Case Study with the MAGIC Model},"{Aguilar Guerrero}, Jaime and {Snively}, Jonathan B. and {Heale}, Christopher James"
37,2019,"0810 Post-secondary education, EDUCATION, 0825 Teaching methods, EDUCATION, 0845 Instructional tools, EDUCATION, 0850 Geoscience education research, EDUCATION",{Virtual Reality Modeling of the CRREL Permafrost Tunnel for Online Education on Permafrost and Climate Change},"{Truskowski}, C.~M. and {Rudolf}, M.~C. and {Phillips}, C. and {Garron}, J."
38,2018,"0855 Diversity, EDUCATIONDE: 9820 Techniques applicable in three or more fields, GENERAL OR MISCELLANEOUSDE: 1920 Emerging informatics technologies, INFORMATICSDE: 1994 Visualization and portrayal, INFORMATICS",{Connecting the Dots between Data and Reality: Using Virtual Reality to Visualize Flooding Impacts},"{Skolnik}, S. and {Silcott}, A."
39,2017,"0815 Informal education, EDUCATION, 0820 Curriculum and laboratory design, EDUCATION, 0840 Evaluation and assessment, EDUCATION, 0845 Instructional tools, EDUCATION",{Virtual Reality as a Story Telling Platform for Geoscience Communication},"{Lazar}, K. and {Moysey}, S.~M."
40,2019,"0850 Geoscience education research, EDUCATION, 9820 Techniques applicable in three or more fields, GENERAL OR MISCELLANEOUS, 1992 Virtual globes, INFORMATICS, 1994 Visualization and portrayal, INFORMATICS",{Utilizing Virtual Reality Field Studies to Enable Analog Research of Planetary Surfaces},"{Matiella Novak}, M.~A. and {Heldmann}, J. and {Steele}, J.~J. and {Strang}, J. and {Zimmerman}, M.~I."
41,2014,"0805 Elementary and secondary education, 0815 Informal education, 0840 Evaluation and assessment, 0845 Instructional tools",{The Whole World In Your Hands: Using an Interactive Virtual Reality Sandbox for Geospatial Education and Outreach},"{Clucas}, T. and {Wirth}, G.~S. and {Broderson}, D."
42,2022,,{Using Augmented and Virtual Reality to Create a More Inclusive Use of Color in the Geosciences and Other Fields},"{Bernardes}, Sergio and {Howard}, Allison and {Couey}, Ethan"
43,2020,"0810 Post-secondary education, EDUCATION, 0815 Informal education, EDUCATION",{Virtual Reality Exploration of Earth's Cryosphere},"{Harris}, K. and {Krok}, K. and {Cervenec}, J.~M."
44,2009,"0825 EDUCATION / Teaching methods, 0845 EDUCATION / Instructional tools, 0850 EDUCATION / Geoscience education research",{Oceanography in Second Life: Use of a Virtual Reality to Enhance Undergraduate Education in Marine Science},"{Villareal}, T.~A. and {Jarmon}, L. and {Triggs}, R."
45,2019,"0815 Informal education, EDUCATION, 0840 Evaluation and assessment, EDUCATION, 0845 Instructional tools, EDUCATION, 0850 Geoscience education research, EDUCATION",{Virtual reality as a climate science teaching tool},"{Kravitz}, B. and {Riihimaki}, L. and {Tynes}, C. and {Boatman}, G. and {Cramer}, N. and {Hubbe}, J.~M. and {Willcuts}, P. and {Wright-Mockler}, A."
46,2016,"0815 Informal education, EDUCATIONDE: 0820 Curriculum and laboratory design, EDUCATIONDE: 0840 Evaluation and assessment, EDUCATIONDE: 0845 Instructional tools, EDUCATION",{From Geocaching to Virtual Reality: Technology tools that can transform courses into interactive learning expeditions},"{Moysey}, S.~M. and {Lazar}, K. and {Boyer}, D.~M. and {Mobley}, C. and {Sellers}, V."
47,2006,"0805 Elementary and secondary education, 0810 Post-secondary education, 0815 Informal education",{The NASA-Macquarie University Pilbara Education Project: Connecting the public to `science in the making' via virtual reality and the Internet},"{Oliver}, C.~A. and {Fergusson}, J. and {Bruce}, G. and {Gaskins}, T."
48,2020,"0805 Elementary and secondary education, EDUCATION, 0810 Post-secondary education, EDUCATION, 0815 Informal education, EDUCATION, 0845 Instructional tools, EDUCATION","{Immersive and Experiential Learning Based on Multi-Technology Integration: Bringing UAVs, Augmented Reality and Virtual Reality into the Classroom}","{Bernardes}, S. and {Howard}, A. and {Walker}, A. and {Mendki}, A. and {Bhanderi}, D. and {Guest}, A. and {Sorrells}, R. and {Nercessian}, P. and {Dooley}, C. and {Le}, L. and {Naidu}, I. and {Madden}, M."
49,2016,"0820 Curriculum and laboratory design, EDUCATIONDE: 0825 Teaching methods, EDUCATIONDE: 0840 Evaluation and assessment, EDUCATIONDE: 0850 Geoscience education research, EDUCATION","{Mobile devices, Virtual Reality, Augmented Reality, and Digital Geoscience Education.}","{Crompton}, H. and {De Paor}, D.~G. and {Whitmeyer}, S.~J. and {Bentley}, C."
50,2018,"3360 Remote sensing, ATMOSPHERIC PROCESSESDE: 1910 Data assimilation, integration and fusion, INFORMATICSDE: 1920 Emerging informatics technologies, INFORMATICSDE: 1926 Geospatial, INFORMATICS",{Stepping into GIS: Virtual Flooding with Virtual Reality Technology},"{Skolnik}, S. and {Silcott}, A."
51,2015,"0810 Post-secondary education, EDUCATION, 0820 Curriculum and laboratory design, EDUCATION, 0825 Teaching methods, EDUCATION, 0850 Geoscience education research, EDUCATION",{Enabling Field Experiences in Introductory Geoscience Classes through the Use of Immersive Virtual Reality},"{Moysey}, S.~M. and {Smith}, E. and {Sellers}, V. and {Wyant}, P. and {Boyer}, D.~M. and {Mobley}, C. and {Brame}, S."
52,2016,"0815 Informal education, EDUCATIONDE: 0820 Curriculum and laboratory design, EDUCATIONDE: 0840 Evaluation and assessment, EDUCATIONDE: 0845 Instructional tools, EDUCATION",{Virtual Reality: Bringing the Awe of Our Science into The Classroom with VR},"{Bell}, R.~E. and {Turrin}, M. and {Frearson}, N. and {Boghosian}, A. and {Ferrini}, V.~L. and {Simpson}, F."
53,2020,"0805 Elementary and secondary education, EDUCATION, 0810 Post-secondary education, EDUCATION, 0815 Informal education, EDUCATION, 0845 Instructional tools, EDUCATION",{``Immersion'' Into Seismic Hazard: Virtual Reality Experience of the California Faults},"{Methvin}, M. and {Pham}, D.~D. and {Kyriakopoulos}, C."
54,2024,,{A Space Physics Virtual Reality Environment for Education and Outreach using 3D Reconstructions of Magnetic Reconnection from NASA's Magnetospheric Multiscale Mission},"{Argall}, Matthew R. and {Akashian}, Avery and {Furey}, Kyle and {Brillant}, Ed and {Freeney}, Aria and {Stevens}, Andrew H. and {Butkiewicz}, Thomas and {Carrigg}, David and {Zaffke}, Stephen and {Torbert}, Roy B."
55,2022,,{Building diverse and inclusive teams: Lessons learned from the development of Virtual Reality learning experiences for STEM fields},"{Ilie}, Raluca and {Chen}, Hsinju and {Kuo}, Joseph"
56,2021,,{In-person and remote classroom virtual reality activities in geology and geophysics: Insights from a test case},"{Pham}, Dianne and {Methvin}, Michael and {Kyriakopoulos}, Christodoulos and {Webb}, Ashley"
57,2016,"1942 Machine learning, INFORMATICSDE: 1964 Real-time and responsive information delivery, INFORMATICSDE: 8099 General or miscellaneous, STRUCTURAL GEOLOGYDE: 8199 General or miscellaneous, TECTONOPHYSICS",{Lost in Virtual Reality: Pathfinding Algorithms Detect Rock Fractures and Contacts in Point Clouds},"{Thiele}, S. and {Grose}, L. and {Micklethwaite}, S."
58,2017,"0810 Post-secondary education, EDUCATION, 0820 Curriculum and laboratory design, EDUCATION, 0825 Teaching methods, EDUCATION",{Immersive Virtual Reality Field Trips in the Geosciences: Integrating Geodetic Data in Undergraduate Geoscience Courses},"{La Femina}, P.~C. and {Klippel}, A. and {Zhao}, J. and {Walgruen}, J.~O. and {Stubbs}, C. and {Jackson}, K.~L. and {Wetzel}, R."
59,2023,,{VRExplorer: A Flexible Virtual Reality Software Designed for Planetary Geophysics Education},"{Lambert}, Ryan and {Marchis}, Franck and {Graykowski}, Ariel and {Civet}, Fran{\c{c}}ois"
60,2020,"1855 Remote sensing, HYDROLOGY, 1906 Computational models, algorithms, INFORMATICS, 1908 Cyberinfrastructure, INFORMATICS, 1916 Data and information discovery, INFORMATICS",{GeospatialVR: A Web-based Virtual Reality Framework for Collaborative Environmental Simulations},"{Sermet}, Y. and {Demir}, I."
61,2020,"0805 Elementary and secondary education, EDUCATION, 0810 Post-secondary education, EDUCATION, 0815 Informal education, EDUCATION, 0845 Instructional tools, EDUCATION",{Exploring the Southeastern United States Seismicity and Structure with Virtual Reality},"{Cunningham}, E. and {Kyriakopoulos}, C."
62,2002,"4219 Continental shelf processes, 4255 Numerical modeling, 4294 Instruments and techniques, 4594 Instruments and techniques, 9820 Techniques applicable in three or more fields",{Recent Advances in Immersive Visualization of Ocean Data: Virtual Reality Through the Web on Your Laptop Computer},"{Hermann}, A.~J. and {Moore}, C. and {Soreide}, N.~N."
63,2023,,{Immersive Insights: Enhancing Climate Change Awareness among Undergraduate Psychology Students through Virtual Reality},"{Howard}, Allison and {Bernardes}, Sergio"
64,2019,"0850 Geoscience education research, EDUCATION, 9820 Techniques applicable in three or more fields, GENERAL OR MISCELLANEOUS, 1992 Virtual globes, INFORMATICS, 1994 Visualization and portrayal, INFORMATICS",{Virtual Reality Interfacing \& Machine Learning Segmentation for 3D LiDAR Point Clouds: A Case Study on Australian and New Zealand Forest Regions.},"{Garske}, S."
65,2016,"1630 Impacts of global change, GLOBAL CHANGEDE: 4327 Resilience, NATURAL HAZARDSDE: 4329 Sustainable development, NATURAL HAZARDSDE: 6334 Regional planning, POLICY SCIENCES",{Bringing home sustainability and climate change research and developments via on-line virtual reality},"{Granshaw}, F.~D."
66,2016,"1916 Data and information discovery, INFORMATICSDE: 1920 Emerging informatics technologies, INFORMATICSDE: 1926 Geospatial, INFORMATICSDE: 1928 GIS science, INFORMATICS",{New Dimensions of GIS Data: Exploring Virtual Reality (VR) Technology for Earth Science},"{Skolnik}, S. and {Ramirez-Linan}, R."
67,2021,,{Pilot Desktop and Immersive Virtual Reality Field Trip Study of Coastal Maine Indicates Equivalent Student Learning Outcomes and High Engagement},"{Baughman}, Jaclyn and {Donnelly}, Matthew and {Nebuwa}, Adaobi and {Doore}, Stacy"
68,2018,"1920 Emerging informatics technologies, INFORMATICSDE: 1926 Geospatial, INFORMATICSDE: 1992 Virtual globes, INFORMATICSDE: 1994 Visualization and portrayal, INFORMATICS",{Toward a Universal Workbench for Visualization and Quantitative Exploration of Earth Science Data in Immersive Virtual Reality},"{Zhao}, J. and {Wallgruen}, J.~O. and {La Femina}, P.~C. and {DiBiase}, R.~A. and {Carr}, J.~C. and {Klippel}, A."
69,2015,,{Visualization of High-Dimensionality Data Using Virtual Reality},"{Djorgovski}, S.~G. and {Donalek}, C. and {Davidoff}, S. and {Lombeyda}, S."
70,2015,,{Mobile Virtual Reality : A Solution for Big Data Visualization},"{Marshall}, E. and {Seichter}, N.~D. and {D'sa}, A. and {Werner}, L.~A. and {Yuen}, D.~A."
71,2024,,{Visualizing Types of Lightning in the Atmosphere using Virtual Reality},"{Gevorgyan}, Areg and {Fang}, Guangyang and {Figueroa}, Damian and {Rudlosky}, Scott D."
72,2022,,{Visualization of Earthquake Dynamic Rupture using Virtual Reality},"{Kyriakopoulos}, Christodoulos"
73,2017,"0845 Instructional tools, EDUCATION, 0850 Geoscience education research, EDUCATION, 1916 Data and information discovery, INFORMATICS, 1994 Visualization and portrayal, INFORMATICS",{Stepping Into Science Data: Data Visualization in Virtual Reality},"{Skolnik}, S."
74,2023,,{Visualizing Ice Sheets in Extended Reality (VISER) for the Improvement of Polar Data Analysis},"{Cordero}, S. Isabel and {Boghosian}, Alexandra and {Salzman}, Joel and {Ashikin}, Qazi and {Tinto}, Kirsty J. and {Feiner}, Steven and {Bell}, Robin Elizabeth"
75,2024,,{Visualizing Stages of the Earth's Water Cycle Using Virtual Reality},"{Wiggins}, Samuel and {Fang}, Guangyang and {Figueroa}, Damian and {Rudlosky}, Scott D."
76,2018,"0805 Elementary and secondary education, EDUCATIONDE: 0815 Informal education, EDUCATIONDE: 0845 Instructional tools, EDUCATIONDE: 0850 Geoscience education research, EDUCATION",{Developing An Immersive Virtual Reality Environment to Explore the Lehigh Gap},"{Bodzin}, A. and {Anastasio}, D.~J. and {Vallera}, F. and {Hammond}, T. and {Rutzmoser}, S. and {Junior}, R.~M.~D.~A."
77,2018,"1920 Emerging informatics technologies, INFORMATICSDE: 1926 Geospatial, INFORMATICSDE: 1992 Virtual globes, INFORMATICSDE: 1994 Visualization and portrayal, INFORMATICS",{Visualizations of Volumetric Datasets in Virtual Reality: Benefits and Constraints},"{Boyer}, K. and {Olano}, M. and {Savani}, N. and {Young}, C.~A. and {Stephenson}, B.~E."
78,2005,"7800 SPACE PLASMA PHYSICS, 7833 Mathematical and numerical techniques (0500, 3200), 7835 Magnetic reconnection (2723, 7526), 7959 Models, 7974 Solar effects",{A Study of IMF's Penetration of the Earth's Magetotail via 3-D Global MHD Simulations and Virtual Reality System},"{Matsuoka}, D. and {Murata}, K.~T. and {Fujita}, S. and {Tanaka}, T. and {Matsumoto}, H. and {Omura}, Y."
79,2020,"0810 Post-secondary education, EDUCATION, 0820 Curriculum and laboratory design, EDUCATION, 0840 Evaluation and assessment, EDUCATION, 0845 Instructional tools, EDUCATION",{Using Immersive Technologies to Teach Advanced STEM Concepts in Engineering Education},"{Ilie}, R. and {D'Angelo}, C.~M. and {Shaffer}, E. and {Kudeki}, E. and {Lin}, M.~Y. and {Coiado}, O. and {Wagner}, L.~K."
80,2023,,{Interactive Visualization of Tsunami Hazards for Stakeholder Education},"{Lynett}, Patrick J."
81,2016,"0820 Curriculum and laboratory design, EDUCATIONDE: 0825 Teaching methods, EDUCATIONDE: 0850 Geoscience education research, EDUCATIONDE: 1824 Geomorphology: general, HYDROLOGY",{Teaching Basic Field Skills Using Screen-Based Virtual Reality Landscapes},"{Houghton}, J. and {Robinson}, A. and {Gordon}, C. and {Lloyd}, G.~E.~E. and {Morgan}, D.~J."
82,2021,,{Virtual Reality at Regional Scale: Exploring Terrestrial Bodies in Immersive 3D Environments},"{Tullo}, Adriano and {Mancini}, Francesca and {Ori}, Gian"
83,2024,,{Virtual Reality Game to Foster Knowledge about Mangroves' Role in Mitigating Climate Change},"{Ikhsan}, Muhammad Hadi and {Tan}, Christabel Wan Jie and {Chua}, Stephen and {Hodgkinson}, Gray and {Horton}, Benjamin Peter"
84,2017,"1916 Data and information discovery, INFORMATICS, 1920 Emerging informatics technologies, INFORMATICS, 1992 Virtual globes, INFORMATICS, 1994 Visualization and portrayal, INFORMATICS",{Building Virtual Mars},"{Abercrombie}, S.~P. and {Menzies}, A. and {Goddard}, C."
85,2016,"0845 Instructional tools, EDUCATIONDE: 1980 Spatial analysis and representation, INFORMATICSDE: 1994 Visualization and portrayal, INFORMATICSDE: 6620 Science policy, PUBLIC ISSUES",{Seeing Is Believing: Using Virtual Reality to Connect the Dots Between Climate Data and Reality},"{Skolnik}, S."
86,2024,,{Bringing oceanographic research vessels to the public: Capturing interest in oceanographic biogeochemistry through Virtual Reality},"{Wiederwohl}, Christina L. and {Bogdanoff}, Rebekah and {Thomas}, Andre and {Fitzsimmons}, Jessica N. and {Twining}, Benjamin S. and {Cutter}, Gregory A."
87,2024,,{Novel Night Vision Goggle Simulation to Study Effects of Diverse Illumination Conditions on Human Performance},"{Wu}, Claire and {Grayson}, Elaina and {Johnston}, Savonnah and {Lawrence}, Dorian and {Huggins}, Jerry and {Diemunsch}, Jonathan and {Ellis}, Sharon and {Curley}, Taylor and {Meyer}, Frederick"
88,2019,"0825 Teaching methods, EDUCATION, 0850 Geoscience education research, EDUCATION, 1920 Emerging informatics technologies, INFORMATICS, 1942 Machine learning, INFORMATICS",{Data Engineering for UG Curriculum: 3D point Cloud Data as a Case Study},"{Gokaraju}, B."
89,2018,"5464 Remote sensing, PLANETARY SCIENCES: SOLID SURFACE PLANETSDE: 5470 Surface materials and properties, PLANETARY SCIENCES: SOLID SURFACE PLANETSDE: 5494 Instruments and techniques, PLANETARY SCIENCES: SOLID SURFACE PLANETSDE: 5499 General or miscellaneous, PLANETARY SCIENCES: SOLID SURFACE PLANETS",{VR Planetary Analogs for Training: HISEAS Case Study},"{Grubb}, T. and {Hosler}, J. and {Bleacher}, J.~E. and {Garry}, W.~B. and {Whelley}, P. and {Young}, K."
90,2017,"1916 Data and information discovery, INFORMATICS, 1920 Emerging informatics technologies, INFORMATICS, 1992 Virtual globes, INFORMATICS, 1994 Visualization and portrayal, INFORMATICS",{Augmented Virtuality: A Real-time Process for Presenting Real-world Visual Sensory Information in an Immersive Virtual Environment for Planetary Exploration},"{McFadden}, D. and {Tavakkoli}, A. and {Regenbrecht}, J. and {Wilson}, B."
91,2018,"0805 Elementary and secondary education, EDUCATIONDE: 0815 Informal education, EDUCATIONDE: 0845 Instructional tools, EDUCATIONDE: 0850 Geoscience education research, EDUCATION",{Integration of Advanced Geospatial Technologies Into Immersive and Experiential Learning in the Geosciences},"{Bernardes}, S. and {Madden}, M. and {Knight}, A. and {Neel}, III, N.~C."
92,2006,"0805 Elementary and secondary education, 0810 Post-secondary education, 0815 Informal education, 0845 Instructional tools","{Traditions of the Sun, One Model for Expanding Audience Access}","{Hawkins}, I. and {Paglierani}, R."
93,2020,"1914 Data mining, INFORMATICS, 7833 Mathematical and numerical techniques, SPACE PLASMA PHYSICS, 7924 Forecasting, SPACE WEATHER, 7959 Models, SPACE WEATHER",{AIDA: a project for using machine learning to extract space science information from big data generated by observations and simulations.},"{Lapenta}, G."
94,2021,,{Using VR Technology to Teach Electricity and Magnetism},"{Ilie}, Raluca and {Chen}, Hsinju and {Kuo}, Joseph and {Cermak}, Daniel and {Shaffer}, Eric"
95,2006,"0805 Elementary and secondary education, 0810 Post-secondary education, 0815 Informal education, 0845 Instructional tools, 0850 Geoscience education research",{Building a Sense of Scale and Geographic Context: Virtual Field Trips Created With Google Earth and QuickTime Virtual Reality (QTVR)},"{Schott}, R.~C."
96,2018,"1920 Emerging informatics technologies, INFORMATICSDE: 1926 Geospatial, INFORMATICSDE: 1992 Virtual globes, INFORMATICSDE: 1994 Visualization and portrayal, INFORMATICS",{Science Data Visualization in AR/VR for Planetary and Earth Science},"{Grubb}, T. and {Garry}, W.~B. and {Brandt}, M.~A. and {Ames}, T. and {Morton}, D.~C. and {Lagomasino}, D. and {Schollaert Uz}, S. and {Memarsadeghi}, N."
97,2017,"0530 Data presentation and visualization, COMPUTATIONAL GEOPHYSICS, 4341 Early warning systems, NATURAL HAZARDS, 7230 Seismicity and tectonics, SEISMOLOGY, 8180 Tomography, TECTONOPHYSICS",{Immersive Visualization of the Solid Earth},"{Kreylos}, O. and {Kellogg}, L.~H."
98,2019,"0810 Post-secondary education, EDUCATION, 0820 Curriculum and laboratory design, EDUCATION, 7899 General or miscellaneous, SPACE PLASMA PHYSICS, 7999 General or miscellaneous, SPACE WEATHER",{Touching space: Space physics demonstrators at Aalto University},"{Kallio}, E.~J. and {Alho}, M. and {Jarvinen}, R. and {K{\""a}rkk{\""a}inen}, T. and {Simon Wedlund}, C. and {Harmainen}, V."
99,2016,"1630 Impacts of global change, GLOBAL CHANGEDE: 4327 Resilience, NATURAL HAZARDSDE: 4329 Sustainable development, NATURAL HAZARDSDE: 6334 Regional planning, POLICY SCIENCES",{Data for global solutions: How new technologies can help people to re-imagine the future of cities and more},"{Tewksbury}, J. and {Gaffney}, O. and {Young}, D."
100,2019,"0410 Biodiversity, BIOGEOSCIENCES, 0439 Ecosystems, structure and dynamics, BIOGEOSCIENCES, 0480 Remote sensing, BIOGEOSCIENCES, 1910 Data assimilation, integration and fusion, INFORMATICS","{Multi-Modal Sensing in Ranomafana National Park, Madagascar: Acoustic Soundscape and Lidar Structure}","{Vodacek}, A. and {Vandame}, P. and {Snyder}, T. and {Andrianarisoa}, M.~H. and {Andriatiavina}, A.~S. and {Stack Whitney}, K. and {Razafindraibe}, D."
101,2018,"0805 Elementary and secondary education, EDUCATIONDE: 0815 Informal education, EDUCATIONDE: 0845 Instructional tools, EDUCATIONDE: 0850 Geoscience education research, EDUCATION",{How Real is Virtual? Comparing a Real and Virtual Landscape Mapping Experience},"{Houghton}, J. and {Gordon}, C. and {Craven}, B. and {Morgan}, D.~J."
102,2011,"1910 INFORMATICS / Data assimilation, integration and fusion, 1920 INFORMATICS / Emerging informatics technologies, 1926 INFORMATICS / Geospatial, 1994 INFORMATICS / Visualization and portrayal","{Discovering new methods of data fusion, visualization, and analysis in 3D immersive environments for hyperspectral and laser altimetry data}","{Moore}, C.~A. and {Gertman}, V. and {Olsoy}, P. and {Mitchell}, J. and {Glenn}, N.~F. and {Joshi}, A. and {Norpchen}, D. and {Shrestha}, R. and {Pernice}, M. and {Spaete}, L. and {Grover}, S. and {Whiting}, E. and {Lee}, R."
103,2022,,"{Quantification of live root biomass and structure, necromass, and macro pores in Coastal Wetland Sediments using X-Ray Computed Tomography}","{Hassan}, Mohamed and {Jafari}, Navid and {Twilley}, Robert and {Butler}, Les and {Ham}, Kyungmin and {Rovai}, Andre"
104,2017,"1904 Community standards, INFORMATICS, 1908 Cyberinfrastructure, INFORMATICS, 1928 GIS science, INFORMATICS, 5499 General or miscellaneous, PLANETARY SCIENCES: SOLID SURFACE PLANETS",{The NASA Regional Planetary Image Facility (RPIF) Network: A Key Resource for Accessing and Using Planetary Spatial Data},"{Hagerty}, J.~J."
105,2014,"0805 Elementary and secondary education, EDUCATION, 0810 Post-secondary education, EDUCATION, 0820 Curriculum and laboratory design, EDUCATION, 0845 Instructional tools, EDUCATION",{Exploring the Universe with the Worldwide Telescope},"{Fay}, J.~E."
106,2022,,{Wildfire Prediction and VR Evacuation Routes Optimization using Computational Fluid Dynamics},"{Kim}, Jaekyoung and {Kang}, Junsuk"
107,2015,"1836 Hydrological cycles and budgets, HYDROLOGY, 1840 Hydrometeorology, HYDROLOGY, 1855 Remote sensing, HYDROLOGY, 1866 Soil moisture, HYDROLOGY",{SMAP/SMOS Soil moisture brightness temperature virtual observations to study data assimilation scheme},"{Saavedra}, P. and {Simmer}, C."
108,2022,,{WueDive - Complex systems ``Climate Change and the Effects on Health'' - an innovative teaching project to enhance digital culture in medical education.},"{Vova}, Dr, Oyudari Oyu and {K{\""o}nig}, Sarah and {Monty}, Samantha"
109,2019,"0815 Informal education, EDUCATION, 0855 Diversity, EDUCATION",{Engaging Many with Space Sciences through NASA's STEM Innovation Lab},"{Ng}, C. and {Cline}, T.~D. and {Young}, C.~A. and {Winter}, III, H.~D. and {Haas}, J.~P. and {Stephenson}, B.~E. and {Patel}, K.~A."
110,2015,"0810 Post-secondary education, EDUCATION, 0820 Curriculum and laboratory design, EDUCATION, 0825 Teaching methods, EDUCATION, 0845 Instructional tools, EDUCATION","{3D movies for teaching seafloor bathymetry, plate tectonics, and ocean circulation in large undergraduate classes}","{Peterson}, C.~D. and {Lisiecki}, L.~E. and {Gebbie}, G. and {Hamann}, B. and {Kellogg}, L.~H. and {Kreylos}, O. and {Kronenberger}, M. and {Spero}, H.~J. and {Streletz}, G.~J. and {Weber}, C."
111,2005,"0530 Data presentation and visualization, 0545 Modeling (4255), 0634 Measurement and standards, 0644 Numerical methods, 0910 Data processing","{Water Leak Detection by Using Ground Penetrating Radar, Synthetic Simulation and Four-Dimensional Visualization}","{Al-Shukri}, H. and {Eyuboglu}, S. and {Mahdi}, H."
112,2018,"0545 Modeling, COMPUTATIONAL GEOPHYSICSDE: 0560 Numerical solutions, COMPUTATIONAL GEOPHYSICSDE: 1932 High-performance computing, INFORMATICSDE: 3260 Inverse theory, MATHEMATICAL GEOPHYSICS",{Exploring Earth's interior in collaborative immersive VR environments},"{Duzgun}, S. and {Isleyen}, E. and {Orsvuran}, R. and {Bozdag}, E. and {Pugmire}, D. and {Lei}, W. and {Ruan}, Y. and {Tromp}, J."
113,2016,"0815 Informal education, EDUCATIONDE: 9810 New fields (not classifiable under other headings), GENERAL OR MISCELLANEOUSDE: 1994 Visualization and portrayal, INFORMATICSDE: 6699 General or miscellaneous, PUBLIC ISSUES",{Altered Perspectives: Immersive Environments},"{Shipman}, J.~S. and {Webley}, P.~W."
114,2008,"0530 Data presentation and visualization, 0594 Instruments and techniques, 0845 Instructional tools, 9820 Techniques applicable in three or more fields",{Authoring Tours of Geospatial Data With KML and Google Earth},"{Barcay}, D.~P. and {Weiss-Malik}, M."
115,2024,,{Earth Mission Control: Local Climate Change Intelligence through Advanced Data Visualizations},"{Palmer}, Jaden and {Cherner}, Phillip and {Connolly}, Rachel and {Rathnasabapathy}, Minoo and {Newman}, Dava"
116,2024,,{Enhancing Cross-Virtuality Collaboration for Geospatial Data Visualization},"{Gold}, Lauren and {LiKamWa}, Robert"
117,2017,"0845 Instructional tools, EDUCATION, 0850 Geoscience education research, EDUCATION, 1916 Data and information discovery, INFORMATICS, 1994 Visualization and portrayal, INFORMATICS",{Developing an Augmented Reality Environment for Earth Science Education},"{Pratt}, M.~J. and {Skemer}, P.~A. and {Arvidson}, R.~E."
118,2019,"0805 Elementary and secondary education, EDUCATION, 0810 Post-secondary education, EDUCATION, 0815 Informal education, EDUCATION, 0850 Geoscience education research, EDUCATION","{NASA's STEM Innovation Lab: A Hybrid Makerspace. Our goal is to bring NASA's universe of knowledge into educational spaces around the country and to increase scientific literacy and interest. We're a hybrid think-tank and makerspace where we invite NASA scientists, engineers, and educators to explore and share ideas using educational technology.}","{Cline}, T.~D. and {Young}, C.~A. and {Sasser}, L."
119,2006,"0530 Data presentation and visualization, 9810 New fields (not classifiable under other headings), 9820 Techniques applicable in three or more fields","{NASA World Wind, Open Source 4D Geospatial Visualization Platform: *.NET \& Java*}","{Hogan}, P. and {Coughlan}, J."
120,2024,,{The Development and Impact of VR Fieldtrips on Geoscience Curricula},"{Loriga}, Irene and {Macedo de Oliveira}, Larissa and {Kenna}, Therese and {Tunwal}, Mohit and {Lim}, Aaron and {Jarvis}, Ed"
121,2023,,{Comprehensive and Scalable Flow and Transport Modeling in Karstic Systems with Python-based Workflows},"{Reimann}, Thomas and {Rudolph}, Max Gustav and {Grabow}, Leonard and {Genzel}, Marcus and {Noffz}, Torsten and {Renard}, Philippe and {Mohammadi}, Zargham and {Liedl}, Rudolf"
122,2018,"0820 Curriculum and laboratory design, EDUCATIONDE: 0825 Teaching methods, EDUCATIONDE: 0850 Geoscience education research, EDUCATIONDE: 0855 Diversity, EDUCATION",{Putting the Stars Within Reach: Improving NASA 3D Printed Data Sets by Working with Blind and Visually Impaired Audiences},"{Wolk}, N. and {Arcand}, K. and {Price}, S. and {Jubett}, A."
123,2020,"1908 Cyberinfrastructure, INFORMATICS, 1910 Data assimilation, integration and fusion, INFORMATICS, 1926 Geospatial, INFORMATICS, 1932 High-performance computing, INFORMATICS",{Evaluating New Visualization Services for Browsing Spatiotemporal Earth Observation Satellite Data},"{Roberts}, J.~T. and {Chou}, D. and {Briden}, R.~C. and {Graber}, M.~W. and {Lim}, B. and {Cechini}, M.~F. and {Boller}, R.~A. and {Baynes}, K."
124,2020,"0805 Elementary and secondary education, EDUCATION, 0810 Post-secondary education, EDUCATION, 0815 Informal education, EDUCATION, 0845 Instructional tools, EDUCATION",{Investigating 3D visualization tools in glaciology: from storytelling to discovery},"{Cordero}, S.~I. and {Boghosian}, A. and {Locke}, C.~D. and {Kingslake}, J. and {Bell}, R.~E."
125,2018,"1920 Emerging informatics technologies, INFORMATICSDE: 1926 Geospatial, INFORMATICSDE: 1992 Virtual globes, INFORMATICSDE: 1994 Visualization and portrayal, INFORMATICS",{VR in the Geophysical Sciences: How Data Can Become ``Alive''},"{Raja}, U."
126,2024,,"{Improving Planetary Field Geology Research and Training Using High-Spatial-Resolution, Immersive Virtual Environments}","{Hodges}, Kip V. and {Bardoliya}, Fenil and {Das}, Jnaneshwar and {Gold}, Lauren and {Hael}, Jack and {Kohl}, Evan and {LiKamWa}, Robert and {Lott}, Tracey and {Schmitt}, Harrison H."
127,2018,"1916 Data and information discovery, INFORMATICSDE: 1930 Data and information governance, INFORMATICSDE: 1946 Metadata, INFORMATICSDE: 1976 Software tools and services, INFORMATICS",{Building 3D Model COLLADA in the UNIDATA's IDV},"{Ho}, Y. and {Weber}, J. and {Wu}, H."
128,2023,,{Polar Explorer: A place-based virtual learning environment for STEM undergraduate education},"{Huntzinger}, Deborah N. and {Mead}, Chris and {Bruce}, Geoffrey and {Schaefer}, Kevin M. and {Mack}, Michelle C. and {Taylor}, Wendy and {Thompson}, Lisa and {Leshyk}, Victor O. and {Anbar}, Ariel D."
129,2018,"0902 Computational methods: seismic, EXPLORATION GEOPHYSICSDE: 0925 Magnetic and electrical methods, EXPLORATION GEOPHYSICSDE: 7255 Surface waves and free oscillations, SEISMOLOGYDE: 7290 Computational seismology, SEISMOLOGY",{Virtual seismology: from hydrocarbon reservoir imaging to induced earthquake monitoring},"{Wapenaar}, C.~P.~A. and {Brackenhoff}, J. and {Staring}, M. and {Thorbecke}, J. and {Slob}, E.~C."
130,2023,,{Investigating the immersive visualization tools with complex data from global seismic tomographic mantle models},"{Demirkan}, Doga Cagdas and {Bozdag}, Ebru and {Ghosh}, Ayon and {Gunal}, Devrim and {Vite Sanchez}, Reynaldo and {Orsvuran}, Ridvan and {Peter}, Daniel B. and {Duzgun}, Sebnem and {Yu}, KaChun and {Thiry}, Christopher J.~J."
131,2017,"1829 Groundwater hydrology, HYDROLOGY, 1831 Groundwater quality, HYDROLOGY, 1869 Stochastic hydrology, HYDROLOGY","{An open, object-based modeling approach for simulating subsurface heterogeneity}","{Bennett}, J. and {Ross}, M. and {Haslauer}, C.~P. and {Cirpka}, O.~A."
132,2019,"0810 Post-secondary education, EDUCATION, 0825 Teaching methods, EDUCATION, 0994 Instruments and techniques, EXPLORATION GEOPHYSICS, 8486 Field relationships, VOLCANOLOGY",{Bringing the Field to the Classroom: Immersive Virtual Fieldtrips in Undergraduate Geoscience Courses},"{La Femina}, P.~C. and {Klippel}, A. and {Carr}, J.~C. and {Zhao}, J. and {Wallgr{\""u}n}, J.~O. and {Oprean}, D. and {Chang}, S.~K. and {Jackson}, K.~L."
133,2017,"0720 Glaciers, CRYOSPHERE, 0726 Ice sheets, CRYOSPHERE, 0762 Mass balance 0764 Energy balance, CRYOSPHERE, 1621 Cryospheric change, GLOBAL CHANGE","{3D Modeling of Glacial Erratic Boulders in the Haizi Shan Region, Eastern Tibetan Plateau}","{Sheriff}, M. and {Stevens}, J. and {Radue}, M.~J. and {Strand}, P. and {Zhou}, W. and {Putnam}, A.~E."
134,2024,,"{Testing 3D mapping techniques for Lunar lava tube reconstruction in Lanzarote, Spain}","{Paige}, Cody and {Olivier}, Gerrit and {Cherner}, Phillip and {Alexopoulos}, Imelda and {Coblentz}, Maggie and {Clay}, Robyn and {Aubert}, Jeremy"
135,2017,"0815 Informal education, EDUCATION, 0820 Curriculum and laboratory design, EDUCATION, 0840 Evaluation and assessment, EDUCATION, 0845 Instructional tools, EDUCATION",{Learning outcomes of in-person and virtual field-based geoscience instruction at Grand Canyon National Park: complementary mixed-methods analyses},"{Semken}, S.~C. and {Ruberto}, T. and {Mead}, C. and {Bruce}, G. and {Buxner}, S. and {Anbar}, A.~D."
136,2014,"0820 Curriculum and laboratory design, EDUCATION, 0840 Evaluation and assessment, EDUCATION, 0850 Geoscience education research, EDUCATION, 1833 Hydroclimatology, HYDROLOGY",{Interactive Learning Environment: Web-based Virtual Hydrological Simulation System using Augmented and Immersive Reality},"{Demir}, I."
137,2024,,{Bridging Gaps in Space Weather with Open Science for a Resilient Future: A Global Perspective},"{Sardana}, Disha and {Ledvina}, Vincent and {Roy}, Souvik and {Idolor}, Omena and {Taiwo}, Osanyin Olusayo and {Ringuette}, Rebecca"
138,2018,"4217 Coastal processes, OCEANOGRAPHY: GENERAL",{Immersive Coastal Hydrodynamic Simulation},"{Lynett}, P.~J. and {Tavakkol}, S."
139,2023,,{Strategies for Scientists to Communicate Volcanic Hazard to the Public when Threat of Eruption is Low},"{Hufstetler}, Rebeckah S. and {Smith}, Hollie M. and {Hooft}, Emilie E.~E. and {Walton}, Dean"
140,2016,"0820 Curriculum and laboratory design, EDUCATIONDE: 0825 Teaching methods, EDUCATIONDE: 0850 Geoscience education research, EDUCATIONDE: 1824 Geomorphology: general, HYDROLOGY",{How to Make a Virtual Landscape with Outcrops for Use in Geoscience Teaching},"{Houghton}, J. and {Gordon}, C. and {Craven}, B. and {Robinson}, A. and {Lloyd}, G.~E.~E. and {Morgan}, D.~J."
141,2015,"0815 Informal education, EDUCATION, 0825 Teaching methods, EDUCATION, 0845 Instructional tools, EDUCATION, 1952 Modeling, INFORMATICS",{Humber-in-a-Box : Gamification to Communicate Coastal Flood Risk in the Face of Rising Seas},"{Skinner}, C.~J. and {van Rij}, J.~D."
142,2019,"1829 Groundwater hydrology, HYDROLOGY, 5215 Origin of life, PLANETARY SCIENCES: ASTROBIOLOGY, 6225 Mars, PLANETARY SCIENCES: SOLAR SYSTEM OBJECTS, 6297 Instruments and techniques, PLANETARY SCIENCES: SOLAR SYSTEM OBJECTS",{Investigation on Photogrammetry and LiDAR Models for Caves/Mines 3D Reconstruction},"{de Resende Filho}, L.~W. and {Domingues}, J.~D. and {Azpurua}, H. and {Correa Pab{\'o}n}, R.~E. and {Pessin}, G. and {Przewodowski}, A. and {Os{\'o}rio}, F.~S."
143,2016,"0805 Elementary and secondary education, EDUCATIONDE: 0815 Informal education, EDUCATIONDE: 0820 Curriculum and laboratory design, EDUCATIONDE: 0850 Geoscience education research, EDUCATION","{Exploring the dark energy biosphere, 15 seconds at a time}","{Petrone}, C. and {Tossey}, L. and {Biddle}, J."
144,2012,"1620 GLOBAL CHANGE / Climate dynamics, 1626 GLOBAL CHANGE / Global climate models, 3354 ATMOSPHERIC PROCESSES / Precipitation, 3355 ATMOSPHERIC PROCESSES / Regional modeling",{Comparison of Two Grid Refinement Approaches for High Resolution Regional Climate Modeling: MPAS vs WRF},"{Leung}, L. and {Hagos}, S.~M. and {Rauscher}, S. and {Ringler}, T."
145,2017,"1916 Data and information discovery, INFORMATICS, 1920 Emerging informatics technologies, INFORMATICS, 1992 Virtual globes, INFORMATICS, 1994 Visualization and portrayal, INFORMATICS",{Transduction between worlds: using virtual and mixed reality for earth and planetary science},"{Hedley}, N. and {Lochhead}, I. and {Aagesen}, S. and {Lonergan}, C.~D. and {Benoy}, N."
146,2018,"0815 Informal education, EDUCATIONDE: 1630 Impacts of global change, GLOBAL CHANGEDE: 4815 Ecosystems, structure, dynamics, and modeling, OCEANOGRAPHY: BIOLOGICAL AND CHEMICALDE: 4220 Coral reef systems, OCEANOGRAPHY: GENERAL","{Underwater Imaging as a Tool for Science, Art, and (at Times Unexpected) Engagement}","{Sandin}, S.~A."
147,2018,"0805 Elementary and secondary education, EDUCATIONDE: 0815 Informal education, EDUCATIONDE: 0845 Instructional tools, EDUCATIONDE: 0850 Geoscience education research, EDUCATION",{NASA's Solar System Treks - New Capabilities and New Worlds},"{Day}, B.~H. and {Law}, E."
148,2017,"1805 Computational hydrology, HYDROLOGY, 1847 Modeling, HYDROLOGY, 1855 Remote sensing, HYDROLOGY, 1910 Data assimilation, integration and fusion, INFORMATICS",{Exploring 4D Flow Data in an Immersive Virtual Environment},"{Stevens}, A.~H. and {Butkiewicz}, T."
149,2017,"1916 Data and information discovery, INFORMATICS, 1920 Emerging informatics technologies, INFORMATICS, 1992 Virtual globes, INFORMATICS, 1994 Visualization and portrayal, INFORMATICS",{Along the Virtuality Continuum - Two Showcases on how xR Technologies Transform Geoscience Research and Education},"{Klippel}, A. and {Zhao}, J. and {Masrur}, A. and {Wallgruen}, J.~O. and {La Femina}, P.~C."
150,2023,,{Experience in Visualizing Satellite Data with Ar/vr Technologies at Nasa's Ges-Disc},"{Khayat}, Mohammad G. and {Abueg}, Zachariah and {Alcott}, Allison and {Mehrabian}, Armin"
151,2016,"3354 Precipitation, ATMOSPHERIC PROCESSESDE: 1854 Precipitation, HYDROLOGYDE: 1855 Remote sensing, HYDROLOGYDE: 4303 Hydrological, NATURAL HAZARDS",{Interactive Visualization of Near Real-Time and Production Global Precipitation Mission Data Online Using CesiumJS},"{Lammers}, M."
152,2019,"0810 Post-secondary education, EDUCATION, 0825 Teaching methods, EDUCATION, 0845 Instructional tools, EDUCATION, 0850 Geoscience education research, EDUCATION",{Place-based education - an immersive technologies perspective},"{Klippel}, A. and {Wallgruen}, J.~O. and {Zhao}, J. and {Oprean}, D. and {Chang}, S.~K. and {La Femina}, P.~C. and {Sajjadi}, P. and {Bagher}, M.~M."
153,2018,"0805 Elementary and secondary education, EDUCATIONDE: 0815 Informal education, EDUCATIONDE: 0845 Instructional tools, EDUCATIONDE: 0850 Geoscience education research, EDUCATION",{NASA GIBS and Worldview: Visualizing NASA's Earth Science Data for All to Explore},"{Cechini}, M.~F. and {Boller}, R.~A. and {Baynes}, K. and {Roberts}, J.~T. and {Rodriguez}, J. and {Thompson}, C.~K. and {Schmaltz}, J.~E. and {Wong}, M.~M. and {King}, B.~A. and {Rice}, Z. and {McGann}, M. and {Plato}, E. and {De Luca}, A.~P. and {King}, J. and {Pressley}, N.~N."
154,2017,"1916 Data and information discovery, INFORMATICS, 1920 Emerging informatics technologies, INFORMATICS, 1992 Virtual globes, INFORMATICS, 1994 Visualization and portrayal, INFORMATICS",{Immersive Visual Data Analysis For Geoscience Using Commodity VR Hardware},"{Kreylos}, O. and {Kellogg}, L.~H."
155,2023,,{Enhancing Flood Risk Management for Urban Coastal Communities Using Low-Cost LiDAR Applications},"{Ofterdinger}, Ulrich and {Miller}, Aaron and {Peng}, Yong and {Meneely}, John and {McKinley}, Jennifer and {Bertolotto}, Michela and {Vo}, An Vu and {Laefer}, Debra"
156,2023,,"{Culturally Relevant Experiential Curriculum via Empirical Labs \& Emerging Networked Telescopes,(CR-EXCELENT)}","{M Haghanikar}, Mojgan"
157,2017,"1916 Data and information discovery, INFORMATICS, 1920 Emerging informatics technologies, INFORMATICS, 1992 Virtual globes, INFORMATICS, 1994 Visualization and portrayal, INFORMATICS","{Immersive Interaction, Manipulation and Analysis of Large 3D Datasets for Planetary and Earth Sciences}","{Pariser}, O. and {Calef}, F. and {Manning}, E.~M. and {Ardulov}, V."
158,2014,"0750 Sea ice, 0758 Remote sensing, 0776 Glaciology, 0794 Instruments and techniques",{Photogrammetric Processing of IceBridge DMS Imagery into High-Resolution Digital Surface Models (DEM and Visible Overlay)},"{Arvesen}, J.~C. and {Dotson}, R.~C."
159,2023,,{Creating Data-Driven Interactive Virtual Environments for Communicating Forest Change},"{Mahoney}, Mike and {Beier}, Colin M. and {Ackerman}, Aidan C."
160,2018,"0805 Elementary and secondary education, EDUCATIONDE: 0815 Informal education, EDUCATIONDE: 0825 Teaching methods, EDUCATIONDE: 0840 Evaluation and assessment, EDUCATION",{Designing Fossil-based Collaborative Learning Activities about Evolution and the History of Life on Earth},"{Robertson}, G.~F. and {Popson}, C.~P. and {Bolton}, A."
161,2021,,{From Risk to Resilience: Connecting Communities to Coastal Hazards Through Interactive \& Immersive Design},"{Roop}, Heidi and {Neff}, Peter and {Grodnik-Nagle}, Ann and {Purnell}, Danielle"
162,2018,"1920 Emerging informatics technologies, INFORMATICSDE: 1926 Geospatial, INFORMATICSDE: 1992 Virtual globes, INFORMATICSDE: 1994 Visualization and portrayal, INFORMATICS",{Worldview AR: An Interactive Augmented Reality Prototype for NASA Earth Observing Satellite Imagery},"{Miller}, J. and {Boller}, R.~A. and {Roberts}, J.~T. and {Luo}, V. and {Wong}, M.~M. and {Rice}, Z. and {McGann}, M. and {Plato}, E. and {Baynes}, K."
163,2016,"0815 Informal education, EDUCATIONDE: 0820 Curriculum and laboratory design, EDUCATIONDE: 0840 Evaluation and assessment, EDUCATIONDE: 0845 Instructional tools, EDUCATION","{The power of videogame-like experiences for explanatory storytelling in science, education, and healthcare.}","{Sarno}, D.~A. and {Hayes}, J."
164,2006,"0530 Data presentation and visualization, 9810 New fields (not classifiable under other headings), 9820 Techniques applicable in three or more fields","{NASA World Wind, Open Source 4D Geospatial Visualization Platform: *.NET \& Java* for EDUCATION}","{Hogan}, P. and {Kuehnel}, F."
165,2014,7299 General or miscellaneous,{The VERCE Science Gateway: Enabling User Friendly HPC Seismic Wave Simulations.},"{Casarotti}, E. and {Spinuso}, A. and {Matser}, J. and {Leong}, S.~H. and {Magnoni}, F. and {Krause}, A. and {Garcia}, C.~R. and {Muraleedharan}, V. and {Krischer}, L. and {Anthes}, C."
166,2022,,{Polar Explorer: An Interactive Virtual Field Trip-Based Exploration of Alaska and the Changing Arctic},"{Huntzinger}, Deborah N. and {Mead}, Chris and {Thompson}, Lisa and {Bruce}, Geoffrey and {Anbar}, Ariel D. and {Mack}, Michelle C. and {Schaefer}, Kevin M. and {Leshyk}, Victor O. and {Taylor}, Wendy"
167,2007,"0820 Curriculum and laboratory design, 0825 Teaching methods, 0840 Evaluation and assessment, 0845 Instructional tools, 0850 Geoscience education research",{Studying Geology of Central Texas through Web-Based Virtual Field Trips},"{Chan}, C. and {Khan}, S.~D. and {Wellner}, J.~S."
168,2011,"0820 EDUCATION / Curriculum and laboratory design, 0850 EDUCATION / Geoscience education research, 8488 VOLCANOLOGY / Volcanic hazards and risks, 4302 NATURAL HAZARDS / Geological",{Volcanic Hazard Education through Virtual Field studies of Vesuvius and Laki Volcanoes},"{Carey}, S. and {Sigurdsson}, H."
169,2017,"0805 Elementary and secondary education, EDUCATION, 0815 Informal education, EDUCATION, 0825 Teaching methods, EDUCATION, 0845 Instructional tools, EDUCATION",{``Handling'' seismic hazard: 3D printing of California Faults},"{Kyriakopoulos}, C. and {Potter}, M. and {Richards-Dinger}, K.~B."
170,2008,"0530 Data presentation and visualization, 0545 Modeling (4255), 8010 Fractures and faults, 8125 Evolution of the Earth (0325)",{Using Interactive Visualization to Analyze Solid Earth Data and Geodynamics Models},"{Kellogg}, L.~H. and {Kreylos}, O. and {Billen}, M.~I. and {Hamann}, B. and {Jadamec}, M.~A. and {Rundle}, J.~B. and {van Aalsburg}, J. and {Yikilmaz}, M.~B."
171,2006,"2723 Magnetic reconnection (7526, 7835), 2744 Magnetotail, 2753 Numerical modeling, 2784 Solar wind/magnetosphere interactions",{3D Visualization Analysis of Magnetic Flux Rope in the Earth's Magnetotail},"{Matsuoka}, D. and {Murata}, K. and {Fujita}, S. and {Tanaka}, T. and {Yamamoto}, K."
172,2018,"1920 Emerging informatics technologies, INFORMATICSDE: 1926 Geospatial, INFORMATICSDE: 1992 Virtual globes, INFORMATICSDE: 1994 Visualization and portrayal, INFORMATICS",{A Virtual Forest: A case study of the advantages and disadvantages of new digital technologies in earth science research},"{Christianson}, D.~S."
173,2021,,{The Gandalf Staff: A Mobile Tool for Lunar Exploration},"{Evans}, Michael and {Bacon}, John and {Graham}, Lee and {Leonard}, Matthew and {Zanetti}, Michael and {Morgan}, Joseph and {Harris}, Christopher"
174,2017,"1916 Data and information discovery, INFORMATICS, 1920 Emerging informatics technologies, INFORMATICS, 1992 Virtual globes, INFORMATICS, 1994 Visualization and portrayal, INFORMATICS",{Combining photorealistic immersive geovisualization and high-resolution geospatial data to enhance human-scale viewshed modelling},"{Tabrizian}, P. and {Petrasova}, A. and {Baran}, P. and {Petras}, V. and {Mitasova}, H. and {Meentemeyer}, R.~K."
175,2018,"1828 Groundwater hydraulics, HYDROLOGYDE: 1829 Groundwater hydrology, HYDROLOGYDE: 1831 Groundwater quality, HYDROLOGYDE: 1847 Modeling, HYDROLOGY","{Data, or Geology{\textellipsis} or Both? A Multi-Model Analysis of Solute Plume Behavior in a Synthetic Braided-River Deposit.}","{Cirpka}, O.~A. and {Bennett}, J. and {Haslauer}, C.~P. and {Renard}, P."
176,2015,"3337 Global climate models, ATMOSPHERIC PROCESSES, 3360 Remote sensing, ATMOSPHERIC PROCESSES, 1626 Global climate models, GLOBAL CHANGE, 1627 Coupled models of the climate system, GLOBAL CHANGE",{Extending Climate Analytics-As to the Earth System Grid Federation},"{Tamkin}, G. and {Schnase}, J.~L. and {Duffy}, D. and {McInerney}, M. and {Nadeau}, D. and {Li}, J. and {Strong}, S. and {Thompson}, J.~H."
177,2009,"0530 COMPUTATIONAL GEOPHYSICS / Data presentation and visualization, 1994 INFORMATICS / Visualization and portrayal, 7209 SEISMOLOGY / Earthquake dynamics",{Visualization of 3 Dimensional Seismic Vector Fields},"{McQuinn}, E. and {Chourasia}, A. and {Minster}, J.~H. and {Schulze}, J."
178,2023,,{Translating Data into Interactive Frameworks: A Wildfire Case Study Using Game Engine and AI/NLP Technology},"{Solis}, Shayna and {Silcott}, Adam"
179,2018,"0805 Elementary and secondary education, EDUCATIONDE: 0815 Informal education, EDUCATIONDE: 0845 Instructional tools, EDUCATIONDE: 0850 Geoscience education research, EDUCATION",{Unleashing the Potential of VR in the Geophysical Sciences: Lessons from The Field and Beyond},"{Raja}, U."
180,2011,"1105 GEOCHRONOLOGY / Quaternary geochronology, 7221 SEISMOLOGY / Paleoseismology, 8175 TECTONOPHYSICS / Tectonics and landscape evolution, 8177 TECTONOPHYSICS / Tectonics and climatic interactions",{Offset Landforms Record the Holocene History of Fault Slip Along the Mojave Section of the San Andreas Fault},"{Compton}, T. and {Cowgill}, E. and {Westerteiger}, R. and {Bernardin}, T.~S."
181,2019,"6205 Asteroids, PLANETARY SCIENCES: SOLAR SYSTEM OBJECTS, 6230 Martian satellites, PLANETARY SCIENCES: SOLAR SYSTEM OBJECTS, 6250 Moon, PLANETARY SCIENCES: SOLAR SYSTEM OBJECTS",{Returning to the Moon: CanMoon and the Role of Analogue Missions},"{Osinski}, G. and {Marion}, C. and {Morse}, Z. and {Newman}, J. and {Pilles}, E. and {Tornabene}, L.~L. and {Caudill}, C. and {Christoffersen}, P."
182,2017,"0430 Computational methods and data processing, BIOGEOSCIENCES, 1805 Computational hydrology, HYDROLOGY, 1846 Model calibration, HYDROLOGY, 1873 Uncertainty assessment, HYDROLOGY",{Evaluating Predictive Uncertainty of Hyporheic Exchange Modelling},"{Chow}, R. and {Bennett}, J. and {Dugge}, J. and {W{\""o}hling}, T. and {Nowak}, W."
183,2018,"0805 Elementary and secondary education, EDUCATIONDE: 0815 Informal education, EDUCATIONDE: 0845 Instructional tools, EDUCATIONDE: 0850 Geoscience education research, EDUCATION",{Adapting 3D Visualizations to Meet the Needs of Educators in Earth and Space Sciences},"{Anbar}, A.~D. and {Manfredi}, L. and {Bratton}, III, D. and {Tamer}, A.~J.~J."
184,2001,"3035 Midocean ridge processes, 3045 Seafloor morphology and bottom photography, 3094 Instruments and techniques, 8135 Hydrothermal systems (8424)","{The NeMO Explorer Web Site: Interactive Exploration of a Recent Submarine Eruption and Hydrothermal Vents, Axial Volcano, Juan de Fuca Ridge}","{Weiland}, C. and {Chadwick}, W.~W. and {Embley}, R.~W."
185,2019,"0850 Geoscience education research, EDUCATION, 9820 Techniques applicable in three or more fields, GENERAL OR MISCELLANEOUS, 1992 Virtual globes, INFORMATICS, 1994 Visualization and portrayal, INFORMATICS",{Virtual and Augmented Reality for Visualization of Big Data: Examples from Deep Earth to Subsurface},"{Duzgun}, S. and {Isleyen}, E. and {Demirkan}, D.~C. and {Orsvuran}, R. and {Bozdag}, E. and {Pugmire}, D."
186,2001,"2740 Magnetospheric configuration and dynamics, 2760 Plasma convection, 2778 Ring current, 2794 Instruments and techniques",{A UBK-space Visualization Tool for the Magnetosphere},"{Mohan}, M. and {Sheldon}, R.~B."
187,2024,,{Polar Explorer: A Place-Based Virtual Learning Environment to Improve STEM Undergraduate Education},"{Huntzinger}, Deborah N. and {Mead}, Chris and {Bruce}, Geoffrey and {Schaefer}, Kevin M. and {Mack}, Michelle C. and {Taylor}, Wendy and {Thompson}, Lisa and {Logan}, Rosemary and {Leshyk}, Victor O. and {Anbar}, Ariel D."
188,2017,"6205 Asteroids, PLANETARY SCIENCES: SOLAR SYSTEM OBJECTS, 6230 Martian satellites, PLANETARY SCIENCES: SOLAR SYSTEM OBJECTS, 6250 Moon, PLANETARY SCIENCES: SOLAR SYSTEM OBJECTS, 5470 Surface materials and properties, PLANETARY SCIENCES: SOLID SURFACE PLANETS","{Terrestrial Analogs for Surface Properties Associated with Impact Cratering on the Moon - Self-secondary Impact Features at Kings Bowl, Idaho}","{Matiella Novak}, M.~A. and {Zanetti}, M. and {Neish}, C. and {Kukko}, A. and {Fan}, K. and {Heldmann}, J. and {Hughes}, S.~S."
189,2017,"0855 Diversity, EDUCATION, 1699 General or miscellaneous, GLOBAL CHANGE, 6630 Workforce, PUBLIC ISSUES, 6699 General or miscellaneous, PUBLIC ISSUES",{Girls InSpace project: A new space physics outreach initiative.},"{Abe Pacini}, A. and {Tegbaru}, D. and {Max}, Sr., A."
190,2009,"1902 INFORMATICS / Community modeling frameworks, 1926 INFORMATICS / Geospatial, 1992 INFORMATICS / Virtual globes, 1994 INFORMATICS / Visualization and portrayal",{New Frontiers in Fault Model Visualization and Interaction},"{van Aalsburg}, J. and {Yikilmaz}, M.~B. and {Kreylos}, O. and {Kellogg}, L.~H. and {Rundle}, J.~B."
191,2008,"0530 Data presentation and visualization, 0545 Modeling (4255), 0594 Instruments and techniques, 0845 Instructional tools",{Visualizer: 3D Gridded Data Visualization Software for Geoscience Education and Research},"{Harwood}, C. and {Billen}, M.~I. and {Kreylos}, O. and {Jadamec}, M. and {Sumner}, D.~Y. and {Kellogg}, L.~H. and {Hamann}, B."
192,2018,"1916 Data and information discovery, INFORMATICSDE: 1930 Data and information governance, INFORMATICSDE: 1946 Metadata, INFORMATICSDE: 1976 Software tools and services, INFORMATICS",{NASA GIBS and Worldview: Leveraging Visualizations to Improve Data Discovery},"{Cechini}, M.~F. and {Boller}, R.~A. and {Baynes}, K. and {Roberts}, J.~T. and {Rodriguez}, J. and {Thompson}, C.~K. and {Schmaltz}, J.~E. and {Wong}, M.~M. and {King}, B.~A. and {Rice}, Z. and {McGann}, M. and {Plato}, E. and {De Luca}, A.~P. and {King}, J. and {Pressley}, N.~N."
193,2020,"1964 Real-time and responsive information delivery, INFORMATICS, 1972 Sensor web, INFORMATICS, 4303 Hydrological, NATURAL HAZARDS, 4337 Remote sensing and disasters, NATURAL HAZARDS",{Evaluation of Remote-Sensing Architectures using the Virtual Constellation Engine},"{Paolieri}, M. and {French}, M. and {Menon}, V. and {Schmidt}, A."
194,2007,"0530 Data presentation and visualization, 0594 Instruments and techniques",{A 3D Immersive Fault Visualizer and Editor},"{Yikilmaz}, M.~B. and {van Aalsburg}, J. and {Kreylos}, O. and {Kellogg}, L.~H. and {Rundle}, J.~B."
195,2020,"0815 Informal education, EDUCATION, 0830 Teacher training, EDUCATION, 0850 Geoscience education research, EDUCATION, 0855 Diversity, EDUCATION","{GP-IMPACTS: Nevada's GeoGateway Program-A Collaboration Between Nevada State College, College of Southern Nevada, and the Desert Research Institute}","{Buck}, P. and {Edmonds}, J.~W. and {Jasoni}, R.~L. and {Rosales Lagarde}, L."
196,2023,,{3D Plume Shapes from Seismic Tomographic Models: Towards New Constraints on Mantle Dynamics},"{Lu}, Qianyi and {Rudolph}, Maxwell L."
197,2018,"0805 Elementary and secondary education, EDUCATIONDE: 0815 Informal education, EDUCATIONDE: 0820 Curriculum and laboratory design, EDUCATIONDE: 0855 Diversity, EDUCATION",{Developing Classroom Rock Kits and Instructional Modules to Address K-12 Earth Science Standards of Learning},"{Van Tol}, S. and {Johnson}, E.~A. and {Whitmeyer}, S.~J. and {Chen}, Y."
198,2024,,{The Antarctic Meteorological Research and Data Center: New Directions in Open Data Tools for Polar Research},"{Noojin}, Matthew and {Lazzara}, Matthew A."
199,2018,"0805 Elementary and secondary education, EDUCATIONDE: 0815 Informal education, EDUCATIONDE: 0840 Evaluation and assessment, EDUCATIONDE: 0845 Instructional tools, EDUCATION","{Exploring Science Data with NASA's STEM Innovation Lab: Explore, Create, Share}","{Cline}, T.~D. and {Sasser}, L. and {Stephenson}, B.~E."
200,2004,3900 MINERAL PHYSICS,{Interactive Modelling of Molecular Structures},"{Rustad}, J.~R. and {Kreylos}, O. and {Hamann}, B."
201,2020,"0815 Informal education, EDUCATION, 0845 Instructional tools, EDUCATION, 1635 Oceans, GLOBAL CHANGE, 6620 Science policy, POLICY SCIENCES \& PUBLIC ISSUES","{Harnessing virtual platforms to build a low-carbon, equitable, and fun future for science}","{Owens}, D. and {Ross}, K.~W. and {Sarmiento}, L.~F. and {Searby}, N.~D. and {Cobb}, K.~M. and {Polepeddi}, L. and {McIntyre}, B."
202,2014,"0805 Elementary and secondary education, 0810 Post-secondary education, 0820 Curriculum and laboratory design, 0845 Instructional tools","{Shaping Watersheds Exhibit: An Interactive, Augmented Reality Sandbox for Advancing Earth Science Education}","{Reed}, S.~E. and {Kreylos}, O. and {Hsi}, S. and {Kellogg}, L.~H. and {Schladow}, G. and {Yikilmaz}, M.~B. and {Segale}, H. and {Silverman}, J. and {Yalowitz}, S. and {Sato}, E."
203,2016,"0810 Post-secondary education, EDUCATIONDE: 0815 Informal education, EDUCATIONDE: 1902 Community modeling frameworks, INFORMATICS",{What do we do with all this video? Better understanding public engagement for image and video annotation},"{Wiener}, C. and {Miller}, A. and {Zykov}, V."
204,2021,,{Virtual Field-Meets-Lab Experiences: Using VFEs to Showcase Organic Geochemistry and Paleoclimate Research},"{Harris}, Kira and {Tierney}, Jessica and {Anchukaitis}, Kevin and {Arens}, Adelyn and {Cervenec}, Jason"
205,2008,"0530 Data presentation and visualization, 0545 Modeling (4255), 0550 Model verification and validation","{An Interactive, 3D Fault Editor for VR Environments}","{van Aalsburg}, J. and {Yikilmaz}, M.~B. and {Kreylos}, O. and {Kellogg}, L.~H. and {Rundle}, J.~B."
206,2017,"1626 Global climate models, GLOBAL CHANGE, 1920 Emerging informatics technologies, INFORMATICS, 1932 High-performance computing, INFORMATICS, 1994 Visualization and portrayal, INFORMATICS",{The NASA Reanalysis Ensemble Service - Advanced Capabilities for Integrated Reanalysis Access and Intercomparison},"{Tamkin}, G. and {Schnase}, J.~L. and {Duffy}, D. and {Li}, J. and {Strong}, S. and {Thompson}, J.~H."
207,2011,"1910 INFORMATICS / Data assimilation, integration and fusion, 1926 INFORMATICS / Geospatial, 1928 INFORMATICS / GIS science, 1964 INFORMATICS / Real-time and responsive information delivery",{Towards a Virtual 4D Data Cube for Near Real-Time Applications},"{Nguyen}, L. and {Minnis}, P. and {Palikonda}, R. and {Chee}, T. and {Nelson}, M.~L."
208,2010,"0820 EDUCATION / Curriculum and laboratory design, 0850 EDUCATION / Geoscience education research, 1908 INFORMATICS / Cyberinfrastructure, 1992 INFORMATICS / Virtual globes",{Real Students and Virtual Field Trips},"{de Paor}, D.~G. and {Whitmeyer}, S.~J. and {Bailey}, J.~E. and {Schott}, R.~C. and {Treves}, R. and {Scientific Team Of Www. Digitalplanet. Org}"
209,2016,"1908 Cyberinfrastructure, INFORMATICSDE: 1926 Geospatial, INFORMATICSDE: 1936 Interoperability, INFORMATICSDE: 1978 Software re-use, INFORMATICS",{Extending Climate Analytics as a Service to the Earth System Grid Federation Progress Report on the Reanalysis Ensemble Service},"{Tamkin}, G. and {Schnase}, J.~L. and {Duffy}, D. and {Li}, J. and {Strong}, S. and {Thompson}, J.~H."
210,2021,,{An Integrative Experiential Learning System for Exploration and Discovery in STEAM},"{Bernardes}, Sergio and {Howard}, Allison and {Guest}, Andrew and {Beaver}, Henry and {Johnson}, Ian and {Walker}, Ashurst and {Couey}, Ethan and {Tassoni}, Jake and {Savani}, Simin and {Le}, Lillian and {Naidu}, Isha and {Madden}, Marguerite"
211,2020,"0805 Elementary and secondary education, EDUCATION, 0815 Informal education, EDUCATION, 0820 Curriculum and laboratory design, EDUCATION, 0830 Teacher training, EDUCATION",{On board with MOSAiC: how an Arctic research expedition can engage students in Earth's systems thinking},"{Griffith}, J. and {Harden}, L. and {Gold}, A.~U. and {Kay}, J.~E."
212,2018,"0810 Post-secondary education, EDUCATIONDE: 0820 Curriculum and laboratory design, EDUCATIONDE: 0840 Evaluation and assessment, EDUCATIONDE: 0855 Diversity, EDUCATION","{Solar Eclipse 2017, Lunar Observations, NASA Globe and Earth Science Week Events: Education and Public Outreach at the el Paso Community College - Transmountain Campus Through Service Learning}","{Olgin}, J.~G. and {De la O Fernandez}, O."
213,2016,"0820 Curriculum and laboratory design, EDUCATIONDE: 0825 Teaching methods, EDUCATIONDE: 0850 Geoscience education research, EDUCATIONDE: 1824 Geomorphology: general, HYDROLOGY",{The AR Sandbox: Augmented Reality in Geoscience Education},"{Kreylos}, O. and {Kellogg}, L.~H. and {Reed}, S. and {Hsi}, S. and {Yikilmaz}, M.~B. and {Schladow}, G. and {Segale}, H. and {Chan}, L."
214,2004,6605 Education,{Spatial Visualization in Introductory Geology Courses},"{Reynolds}, S.~J."
215,2014,"1816 Estimation and forecasting, 1840 Hydrometeorology, 1873 Uncertainty assessment, 1880 Water management",{Event-based aquifer-to-atmosphere modeling over the European CORDEX domain},"{Keune}, J. and {Goergen}, K. and {Sulis}, M. and {Shrestha}, P. and {Springer}, A. and {Kusche}, J. and {Ohlwein}, C. and {Kollet}, S.~J."
216,2014,"0810 Post-secondary education, 0820 Curriculum and laboratory design, 0825 Teaching methods, 0850 Geoscience education research",{Google Earth Grand Tour Themes},"{De Paor}, D.~G. and {Whitmeyer}, S.~J. and {Bentley}, C. and {Dordevic}, M.~M."
217,2021,,{Reconciling models and observations to improve our understanding of hydrologic connectivity along river corridors},"{Alvarez}, Oscar and {Gomez-Velez}, Jesus"
218,2019,"0805 Elementary and secondary education, EDUCATION, 0810 Post-secondary education, EDUCATION, 0815 Informal education, EDUCATION, 0850 Geoscience education research, EDUCATION",{Innovative Technologies in Teaching and Learning: Incorporating Recent Developments in Virtual and Augmented Reality into Active Learning at the University of Georgia},"{Bernardes}, S. and {Howard}, A. and {Mendki}, A. and {Walker}, A. and {Bhanderi}, D. and {Le}, L. and {Tsao}, A.~L. and {Rukangu}, A."
219,2016,"0845 Instructional tools, EDUCATIONDE: 1926 Geospatial, INFORMATICSDE: 1928 GIS science, INFORMATICSDE: 1992 Virtual globes, INFORMATICS",{Minerva: An Integrated Geospatial/Temporal Toolset for Real-time Science Decision Making and Data Collection},"{Lees}, D.~S. and {Cohen}, T. and {Deans}, M.~C. and {Lim}, D.~S.~S. and {Marquez}, J. and {Heldmann}, J.~L. and {Hoffman}, J. and {Norheim}, J. and {Vadhavk}, N."
220,2005,"0805 Elementary and secondary education, 0810 Post-secondary education, 0825 Teaching methods, 0830 Teacher training, 0845 Instructional tools",{Improving Geoscience Outreach Through Multimedia Enhanced Web Sites - An Example From Connecticut},"{Hyatt}, J.~A. and {Coron}, C.~R. and {Schroeder}, T.~J. and {Fleming}, T. and {Drzewiecki}, P.~A."
221,2015,"0815 Informal education, EDUCATION, 0825 Teaching methods, EDUCATION, 0845 Instructional tools, EDUCATION, 1952 Modeling, INFORMATICS","{Novel Web-based Education Platforms for Information Communication utilizing Gamification, Virtual and Immersive Reality}","{Demir}, I."
222,2001,"1620 Climate dynamics (3309), 3300 METEOROLOGY AND ATMOSPHERIC DYNAMICS",{A test for evaluating the downscaling ability of one-way nested regional climate models: the Big-Brother Experiment},"{Denis}, B. and {Laprise}, R. and {de Elia}, R. and {Caya}, d and {Cote}, J."
